{
    "Accuracy": 77.24678582627783,
    "AUC-ROC": 0.8580038056107931,
    "Optimal_Threshold": 0.49016427993774414,
    "F1": 0.775439465214162,
    "Precision": 0.7654426590089815,
    "Recall (Sensitivity)": 0.7857008466603951,
    "Specificity": 0.7592348698651615,
    "TP": 12528,
    "FP": 3839,
    "TN": 12106,
    "FN": 3417,
    "Test Loss": 0.12485648776136173
}