{
    "Accuracy": 78.14293166405842,
    "AUC-ROC": 0.8636164920664489,
    "Optimal_Threshold": 0.4848061800003052,
    "F1": 0.7849934431837619,
    "Precision": 0.772398316970547,
    "Recall (Sensitivity)": 0.798006143859039,
    "Specificity": 0.7648524894221295,
    "TP": 13768,
    "FP": 4057,
    "TN": 13196,
    "FN": 3485,
    "Test Loss": 0.12295815711545714
}