{
    "Accuracy": 61.81528006589786,
    "AUC-ROC": 0.6656783157658863,
    "Optimal_Threshold": 0.5129428505897522,
    "F1": 0.5947658853739825,
    "Precision": 0.633570015132115,
    "Recall (Sensitivity)": 0.5604406919275123,
    "Specificity": 0.6758649093904449,
    "TP": 5443,
    "FP": 3148,
    "TN": 6564,
    "FN": 4269,
    "Test Loss": 0.16414568123992232
}