{
    "Accuracy": 72.34012316437706,
    "AUC-ROC": 0.7995073200516749,
    "Optimal_Threshold": 0.4991033673286438,
    "F1": 0.7169518638809443,
    "Precision": 0.7340678975580702,
    "Recall (Sensitivity)": 0.7006158218853624,
    "Specificity": 0.746186641402179,
    "TP": 7395,
    "FP": 2679,
    "TN": 7876,
    "FN": 3160,
    "Test Loss": 0.1407405069008759
}