{
    "Accuracy": 76.81392522696405,
    "AUC-ROC": 0.8524752256121748,
    "Optimal_Threshold": 0.4928149878978729,
    "F1": 0.7672324087696006,
    "Precision": 0.7702449567723343,
    "Recall (Sensitivity)": 0.7642433340481807,
    "Specificity": 0.7720351704911002,
    "TP": 10691,
    "FP": 3189,
    "TN": 10800,
    "FN": 3298,
    "Test Loss": 0.12618391099028076
}