{
    "Accuracy": 84.34343434343434,
    "AUC-ROC": 0.9130129578614428,
    "Optimal_Threshold": 0.48608455061912537,
    "F1": 0.8508180943214629,
    "Precision": 0.8125,
    "Recall (Sensitivity)": 0.8929292929292929,
    "Specificity": 0.793939393939394,
    "TP": 442,
    "FP": 102,
    "TN": 393,
    "FN": 53,
    "Test Loss": 0.10751416648578162
}