{
    "Accuracy": 74.16762342135476,
    "AUC-ROC": 0.8230252352562015,
    "Optimal_Threshold": 0.5123556852340698,
    "F1": 0.7259439707673568,
    "Precision": 0.7730220492866408,
    "Recall (Sensitivity)": 0.6842709529276694,
    "Specificity": 0.799081515499426,
    "TP": 2384,
    "FP": 700,
    "TN": 2784,
    "FN": 1100,
    "Test Loss": 0.1357143306602156
}