{
    "Accuracy": 70.00744540039709,
    "AUC-ROC": 0.7740925073068838,
    "Optimal_Threshold": 0.49498993158340454,
    "F1": 0.7176951528129258,
    "Precision": 0.6778701184084724,
    "Recall (Sensitivity)": 0.7624917273328922,
    "Specificity": 0.6376571806750496,
    "TP": 9217,
    "FP": 4380,
    "TN": 7708,
    "FN": 2871,
    "Test Loss": 0.14659955914666684
}