{
    "Accuracy": 67.0073589533933,
    "AUC-ROC": 0.7329369899969254,
    "Optimal_Threshold": 0.4943862855434418,
    "F1": 0.669217106162044,
    "Precision": 0.670958904109589,
    "Recall (Sensitivity)": 0.6674843281548106,
    "Specificity": 0.6726628509130553,
    "TP": 2449,
    "FP": 1201,
    "TN": 2468,
    "FN": 1220,
    "Test Loss": 0.1539782705270292
}